date,time,nse_close,bse_close,price_difference,absolute_spread,spread_percent,nse_open,nse_high,nse_low,bse_open,bse_high,bse_low,nse_volume,bse_volume,volume_ratio_bse_nse,arbitrage_direction
2026-10-01,09:15:00 AM,1178.6,1178.7,0.1,0.1,0.0085,1180.1,1182.5,1177.0,1180.0,1181.6,1177.1,261009,15986,0.0612,BUY NSE / SELL BSE
2026-10-01,09:16:00 AM,1180.5,1180.5,0.0,0.0,0.0,1178.5,1180.6,1178.4,1178.6,1180.95,1178.3,105306,11231,0.1067,NO DIFFERENCE
2026-10-01,09:17:00 AM,1180.5,1180.6,0.1,0.1,0.0085,1180.4,1180.6,1179.1,1180.4,1180.9,1179.1,108646,8462,0.0779,BUY NSE / SELL BSE
2026-10-01,09:18:00 AM,1180.8,1180.5,-0.3,0.3,-0.0254,1180.5,1181.3,1180.5,1180.95,1181.5,1180.5,73623,3350,0.0455,BUY BSE / SELL NSE
2026-10-01,09:19:00 AM,1180.2,1180.2,0.0,0.0,0.0,1180.8,1181.9,1180.0,1180.8,1181.85,1180.0,104100,4110,0.0395,NO DIFFERENCE
2026-10-01,09:20:00 AM,1179.3,1178.75,-0.55,0.55,-0.0466,1180.2,1181.2,1178.9,1179.85,1181.2,1178.75,85202,6775,0.0795,BUY BSE / SELL NSE
2026-10-01,09:21:00 AM,1178.4,1178.7,0.3,0.3,0.0255,1179.3,1179.4,1178.1,1179.3,1179.55,1178.25,39471,2462,0.0624,BUY NSE / SELL BSE
2026-10-01,09:22:00 AM,1178.8,1179.2,0.4,0.4,0.0339,1178.4,1179.0,1178.0,1178.25,1179.25,1178.0,90620,1995,0.022,BUY NSE / SELL BSE
2026-10-01,09:23:00 AM,1178.1,1178.0,-0.1,0.1,-0.0085,1178.8,1178.8,1177.5,1178.5,1179.1,1177.7,62390,7143,0.1145,BUY BSE / SELL NSE
2026-10-01,09:24:00 AM,1178.8,1179.0,0.2,0.2,0.017,1178.1,1178.8,1177.7,1178.0,1179.0,1177.6,65273,4529,0.0694,BUY NSE / SELL BSE
2026-10-01,09:25:00 AM,1178.8,1179.0,0.2,0.2,0.017,1178.8,1179.3,1178.6,1178.5,1179.7,1178.4,45557,4242,0.0931,BUY NSE / SELL BSE
2026-10-01,09:26:00 AM,1179.8,1180.0,0.2,0.2,0.017,1178.8,1179.8,1178.7,1179.0,1180.0,1178.6,47967,2842,0.0592,BUY NSE / SELL BSE
2026-10-01,09:27:00 AM,1180.6,1180.65,0.05,0.05,0.0042,1179.8,1180.9,1179.2,1180.0,1180.8,1178.9,54391,3703,0.0681,BUY NSE / SELL BSE
2026-10-01,09:28:00 AM,1180.5,1180.2,-0.3,0.3,-0.0254,1180.5,1180.7,1180.0,1180.75,1180.8,1180.15,26257,921,0.0351,BUY BSE / SELL NSE
2026-10-01,09:29:00 AM,1181.2,1181.2,0.0,0.0,0.0,1180.5,1181.7,1180.4,1180.2,1181.75,1180.2,52892,2922,0.0552,NO DIFFERENCE
2026-10-01,09:30:00 AM,1182.0,1182.0,0.0,0.0,0.0,1181.2,1182.5,1180.7,1181.2,1182.0,1180.45,56274,1691,0.03,NO DIFFERENCE
2026-10-01,09:31:00 AM,1181.2,1181.0,-0.2,0.2,-0.0169,1182.0,1182.0,1180.5,1182.0,1182.35,1180.5,74370,9753,0.1311,BUY BSE / SELL NSE
2026-10-01,09:32:00 AM,1181.5,1181.6,0.1,0.1,0.0085,1181.2,1181.7,1181.0,1181.3,1181.85,1181.0,41625,1936,0.0465,BUY NSE / SELL BSE
2026-10-01,09:33:00 AM,1181.1,1181.4,0.3,0.3,0.0254,1181.5,1181.6,1181.0,1181.45,1181.7,1181.15,24539,3191,0.13,BUY NSE / SELL BSE
2026-10-01,09:34:00 AM,1180.4,1180.5,0.1,0.1,0.0085,1181.2,1181.2,1180.2,1181.4,1181.4,1180.2,25266,2779,0.11,BUY NSE / SELL BSE
2026-10-01,09:35:00 AM,1180.8,1181.0,0.2,0.2,0.0169,1180.4,1180.8,1180.2,1180.5,1181.2,1180.05,31101,2985,0.096,BUY NSE / SELL BSE
2026-10-01,09:36:00 AM,1180.8,1180.75,-0.05,0.05,-0.0042,1180.8,1180.8,1180.3,1180.55,1181.2,1180.35,32660,6121,0.1874,BUY BSE / SELL NSE
2026-10-01,09:37:00 AM,1180.2,1180.2,0.0,0.0,0.0,1180.8,1180.8,1179.6,1181.25,1181.25,1179.6,37574,6081,0.1618,NO DIFFERENCE
2026-10-01,09:38:00 AM,1180.3,1180.55,0.25,0.25,0.0212,1180.1,1180.4,1179.9,1180.4,1180.7,1179.9,20769,5616,0.2704,BUY NSE / SELL BSE
2026-10-01,09:39:00 AM,1181.7,1182.0,0.3,0.3,0.0254,1180.3,1181.8,1180.3,1180.5,1182.0,1180.25,49848,4476,0.0898,BUY NSE / SELL BSE
2026-10-01,09:40:00 AM,1182.1,1182.0,-0.1,0.1,-0.0085,1181.8,1182.2,1181.8,1182.0,1182.35,1181.6,47321,3768,0.0796,BUY BSE / SELL NSE
2026-10-01,09:41:00 AM,1182.2,1181.85,-0.35,0.35,-0.0296,1182.2,1182.2,1181.8,1182.3,1182.5,1181.75,36318,3381,0.0931,BUY BSE / SELL NSE
2026-10-01,09:42:00 AM,1183.0,1182.8,-0.2,0.2,-0.0169,1182.2,1183.0,1182.1,1182.2,1183.0,1181.75,36114,5337,0.1478,BUY BSE / SELL NSE
2026-10-01,09:43:00 AM,1182.4,1182.6,0.2,0.2,0.0169,1182.9,1183.0,1182.3,1182.9,1183.4,1182.25,40069,5969,0.149,BUY NSE / SELL BSE
2026-10-01,09:44:00 AM,1181.8,1182.2,0.4,0.4,0.0338,1182.4,1182.4,1180.9,1182.6,1182.7,1181.2,67938,4214,0.062,BUY NSE / SELL BSE
2026-10-01,09:45:00 AM,1181.8,1182.0,0.2,0.2,0.0169,1181.9,1181.9,1180.7,1182.2,1182.2,1180.55,41306,4615,0.1117,BUY NSE / SELL BSE
2026-10-01,09:46:00 AM,1182.1,1181.85,-0.25,0.25,-0.0211,1181.8,1182.7,1181.6,1181.5,1183.0,1181.5,30666,1965,0.0641,BUY BSE / SELL NSE
2026-10-01,09:47:00 AM,1182.2,1182.15,-0.05,0.05,-0.0042,1181.9,1182.5,1181.9,1181.85,1182.75,1181.65,36474,4213,0.1155,BUY BSE / SELL NSE
2026-10-01,09:48:00 AM,1182.5,1182.2,-0.3,0.3,-0.0254,1182.2,1182.6,1181.6,1181.95,1182.7,1181.5,36608,5355,0.1463,BUY BSE / SELL NSE
2026-10-01,09:49:00 AM,1182.6,1182.3,-0.3,0.3,-0.0254,1182.4,1182.7,1182.3,1182.65,1182.95,1182.1,27422,5227,0.1906,BUY BSE / SELL NSE
2026-10-01,09:50:00 AM,1182.6,1182.75,0.15,0.15,0.0127,1182.7,1182.7,1182.5,1182.7,1182.9,1182.25,17474,1594,0.0912,BUY NSE / SELL BSE
2026-10-01,09:51:00 AM,1182.2,1182.0,-0.2,0.2,-0.0169,1182.6,1182.6,1182.1,1182.8,1182.8,1182.0,27151,1968,0.0725,BUY BSE / SELL NSE
2026-10-01,09:52:00 AM,1181.7,1181.8,0.1,0.1,0.0085,1182.2,1182.2,1181.4,1182.4,1182.45,1181.5,42615,4761,0.1117,BUY NSE / SELL BSE
2026-10-01,09:53:00 AM,1180.8,1180.9,0.1,0.1,0.0085,1181.7,1181.7,1180.6,1181.8,1181.8,1180.6,25791,1287,0.0499,BUY NSE / SELL BSE
2026-10-01,09:54:00 AM,1180.7,1180.6,-0.1,0.1,-0.0085,1180.8,1181.2,1180.6,1180.6,1181.25,1180.6,23067,1001,0.0434,BUY BSE / SELL NSE
2026-10-01,09:55:00 AM,1180.7,1180.5,-0.2,0.2,-0.0169,1180.7,1180.8,1180.1,1180.9,1181.0,1180.0,39995,3354,0.0839,BUY BSE / SELL NSE
2026-10-01,09:56:00 AM,1182.0,1181.9,-0.1,0.1,-0.0085,1180.6,1182.2,1180.4,1180.95,1181.9,1180.35,30004,3285,0.1095,BUY BSE / SELL NSE
2026-10-01,09:57:00 AM,1181.0,1180.75,-0.25,0.25,-0.0212,1181.9,1182.0,1180.9,1181.8,1182.0,1180.65,18342,3831,0.2089,BUY BSE / SELL NSE
2026-10-01,09:58:00 AM,1181.8,1182.0,0.2,0.2,0.0169,1180.9,1181.8,1180.9,1181.1,1182.0,1180.75,26107,5733,0.2196,BUY NSE / SELL BSE
2026-10-01,09:59:00 AM,1182.0,1182.3,0.3,0.3,0.0254,1181.8,1182.0,1181.7,1182.0,1182.4,1181.55,20339,1741,0.0856,BUY NSE / SELL BSE
2026-10-01,10:00:00 AM,1182.6,1182.65,0.05,0.05,0.0042,1182.0,1182.6,1181.9,1182.0,1182.65,1181.75,44875,3578,0.0797,BUY NSE / SELL BSE
2026-10-01,10:01:00 AM,1182.5,1182.8,0.3,0.3,0.0254,1182.6,1182.7,1182.4,1182.65,1182.9,1182.3,31248,4354,0.1393,BUY NSE / SELL BSE
2026-10-01,10:02:00 AM,1182.9,1182.9,0.0,0.0,0.0,1182.5,1183.0,1182.5,1182.8,1183.0,1182.3,43773,10216,0.2334,NO DIFFERENCE
2026-10-01,10:03:00 AM,1182.5,1182.7,0.2,0.2,0.0169,1182.9,1182.9,1182.0,1183.0,1183.05,1182.0,35140,9112,0.2593,BUY NSE / SELL BSE
2026-10-01,10:04:00 AM,1182.8,1182.45,-0.35,0.35,-0.0296,1182.3,1182.8,1182.2,1182.7,1183.0,1182.35,22371,1411,0.0631,BUY BSE / SELL NSE
2026-10-01,10:05:00 AM,1182.8,1183.05,0.25,0.25,0.0211,1182.7,1182.9,1182.4,1182.6,1183.2,1182.45,35694,3454,0.0968,BUY NSE / SELL BSE
2026-10-01,10:06:00 AM,1183.0,1183.05,0.05,0.05,0.0042,1182.7,1183.0,1182.6,1183.05,1183.5,1182.25,24409,7175,0.2939,BUY NSE / SELL BSE
2026-10-01,10:07:00 AM,1182.9,1182.75,-0.15,0.15,-0.0127,1183.0,1183.0,1182.7,1183.25,1183.65,1182.7,20923,4894,0.2339,BUY BSE / SELL NSE
2026-10-01,10:08:00 AM,1181.6,1181.6,0.0,0.0,0.0,1182.9,1183.0,1181.1,1182.8,1183.0,1181.2,42023,3620,0.0861,NO DIFFERENCE
2026-10-01,10:09:00 AM,1180.8,1180.9,0.1,0.1,0.0085,1181.6,1181.6,1180.3,1181.2,1181.6,1180.5,48250,4693,0.0973,BUY NSE / SELL BSE
2026-10-01,10:10:00 AM,1180.6,1180.2,-0.4,0.4,-0.0339,1180.4,1180.8,1179.6,1180.8,1180.8,1179.5,63502,5968,0.094,BUY BSE / SELL NSE
2026-10-01,10:11:00 AM,1180.4,1180.9,0.5,0.5,0.0424,1180.7,1181.2,1180.4,1180.45,1181.35,1180.45,57703,2434,0.0422,BUY NSE / SELL BSE
2026-10-01,10:12:00 AM,1179.9,1179.9,0.0,0.0,0.0,1180.6,1180.6,1179.0,1180.8,1180.8,1179.6,25674,4022,0.1567,NO DIFFERENCE
2026-10-01,10:13:00 AM,1179.4,1179.6,0.2,0.2,0.017,1179.9,1179.9,1179.2,1180.35,1180.35,1179.4,16360,1943,0.1188,BUY NSE / SELL BSE
2026-10-01,10:14:00 AM,1179.6,1179.6,0.0,0.0,0.0,1179.4,1179.7,1179.2,1179.6,1179.6,1179.05,32115,1115,0.0347,NO DIFFERENCE
2026-10-01,10:15:00 AM,1180.0,1179.7,-0.3,0.3,-0.0254,1179.6,1180.8,1179.5,1179.6,1180.85,1179.6,35364,5278,0.1492,BUY BSE / SELL NSE
2026-10-01,10:16:00 AM,1180.8,1180.6,-0.2,0.2,-0.0169,1180.0,1181.0,1179.6,1179.9,1181.15,1179.6,33298,3550,0.1066,BUY BSE / SELL NSE
2026-10-01,10:17:00 AM,1180.2,1180.0,-0.2,0.2,-0.0169,1180.8,1180.8,1179.7,1180.65,1180.7,1179.7,32837,3366,0.1025,BUY BSE / SELL NSE
2026-10-01,10:18:00 AM,1180.5,1180.75,0.25,0.25,0.0212,1180.1,1180.6,1179.9,1180.25,1181.0,1179.9,22783,2654,0.1165,BUY NSE / SELL BSE
2026-10-01,10:19:00 AM,1178.8,1179.0,0.2,0.2,0.017,1180.5,1180.5,1178.8,1180.35,1180.35,1179.0,38835,3364,0.0866,BUY NSE / SELL BSE
2026-10-01,10:20:00 AM,1178.5,1178.4,-0.1,0.1,-0.0085,1178.9,1178.9,1178.3,1179.0,1179.1,1178.4,37336,4882,0.1308,BUY BSE / SELL NSE
2026-10-01,10:21:00 AM,1178.4,1178.6,0.2,0.2,0.017,1178.5,1178.8,1178.3,1178.9,1178.9,1178.25,28618,4317,0.1508,BUY NSE / SELL BSE
2026-10-01,10:22:00 AM,1178.4,1178.3,-0.1,0.1,-0.0085,1178.5,1178.6,1178.3,1178.6,1179.0,1178.15,18733,2002,0.1069,BUY BSE / SELL NSE
2026-10-01,10:23:00 AM,1178.7,1179.0,0.3,0.3,0.0255,1178.4,1178.8,1178.3,1178.3,1179.1,1178.05,32856,2608,0.0794,BUY NSE / SELL BSE
2026-10-01,10:24:00 AM,1179.4,1179.0,-0.4,0.4,-0.0339,1178.7,1180.0,1178.4,1178.85,1179.9,1178.25,63664,4349,0.0683,BUY BSE / SELL NSE
2026-10-01,10:25:00 AM,1179.0,1179.3,0.3,0.3,0.0254,1179.2,1179.7,1178.8,1179.75,1179.9,1179.05,51224,2598,0.0507,BUY NSE / SELL BSE
2026-10-01,10:26:00 AM,1178.9,1179.2,0.3,0.3,0.0254,1179.1,1179.1,1178.6,1179.05,1179.4,1178.6,29399,7013,0.2385,BUY NSE / SELL BSE
2026-10-01,10:27:00 AM,1179.2,1179.5,0.3,0.3,0.0254,1178.6,1179.7,1178.5,1179.1,1179.55,1178.5,64597,2426,0.0376,BUY NSE / SELL BSE
2026-10-01,10:28:00 AM,1179.3,1179.4,0.1,0.1,0.0085,1179.2,1179.4,1178.9,1179.0,1179.9,1179.0,18487,5091,0.2754,BUY NSE / SELL BSE
2026-10-01,10:29:00 AM,1180.8,1181.0,0.2,0.2,0.0169,1179.4,1180.8,1179.3,1179.95,1181.0,1179.5,57027,3901,0.0684,BUY NSE / SELL BSE
2026-10-01,10:30:00 AM,1180.4,1180.55,0.15,0.15,0.0127,1180.8,1180.8,1179.7,1180.6,1180.7,1179.55,107586,3795,0.0353,BUY NSE / SELL BSE
2026-10-01,10:31:00 AM,1180.7,1180.8,0.1,0.1,0.0085,1180.5,1180.8,1180.4,1180.7,1180.95,1180.25,28287,3636,0.1285,BUY NSE / SELL BSE
2026-10-01,10:32:00 AM,1181.6,1181.25,-0.35,0.35,-0.0296,1180.7,1181.7,1180.6,1180.8,1181.5,1180.3,36240,4377,0.1208,BUY BSE / SELL NSE
2026-10-01,10:33:00 AM,1181.5,1181.1,-0.4,0.4,-0.0339,1181.7,1182.8,1181.5,1182.0,1182.7,1181.1,48311,4281,0.0886,BUY BSE / SELL NSE
2026-10-01,10:34:00 AM,1181.8,1182.15,0.35,0.35,0.0296,1181.6,1181.9,1181.4,1181.55,1182.25,1181.2,30201,3531,0.1169,BUY NSE / SELL BSE
2026-10-01,10:35:00 AM,1180.8,1181.2,0.4,0.4,0.0339,1181.9,1182.0,1180.5,1182.2,1182.2,1180.7,36186,854,0.0236,BUY NSE / SELL BSE
2026-10-01,10:36:00 AM,1182.6,1182.5,-0.1,0.1,-0.0085,1181.0,1182.7,1180.8,1181.5,1183.0,1181.4,54767,3976,0.0726,BUY BSE / SELL NSE
2026-10-01,10:37:00 AM,1182.0,1182.3,0.3,0.3,0.0254,1182.7,1182.7,1181.9,1182.8,1182.85,1181.9,28063,3255,0.116,BUY NSE / SELL BSE
2026-10-01,10:38:00 AM,1182.2,1182.5,0.3,0.3,0.0254,1182.0,1182.2,1181.9,1182.25,1182.65,1181.85,28568,3820,0.1337,BUY NSE / SELL BSE
2026-10-01,10:39:00 AM,1181.4,1181.5,0.1,0.1,0.0085,1182.2,1182.2,1181.2,1182.3,1182.3,1181.1,22014,3508,0.1594,BUY NSE / SELL BSE
2026-10-01,10:40:00 AM,1181.2,1181.15,-0.05,0.05,-0.0042,1181.4,1181.4,1181.0,1181.6,1181.6,1181.15,17023,3082,0.181,BUY BSE / SELL NSE
2026-10-01,10:41:00 AM,1181.3,1181.1,-0.2,0.2,-0.0169,1181.1,1181.3,1181.0,1181.4,1181.55,1181.1,12690,391,0.0308,BUY BSE / SELL NSE
2026-10-01,10:42:00 AM,1181.1,1181.2,0.1,0.1,0.0085,1181.3,1182.0,1181.1,1181.5,1181.5,1181.15,29993,385,0.0128,BUY NSE / SELL BSE
2026-10-01,10:43:00 AM,1182.3,1182.1,-0.2,0.2,-0.0169,1181.2,1182.3,1181.0,1181.45,1182.6,1181.3,86011,3851,0.0448,BUY BSE / SELL NSE
2026-10-01,10:44:00 AM,1182.1,1182.5,0.4,0.4,0.0338,1182.3,1182.4,1182.0,1182.5,1182.9,1181.9,22945,3381,0.1474,BUY NSE / SELL BSE
2026-10-01,10:45:00 AM,1181.2,1181.25,0.05,0.05,0.0042,1182.1,1182.1,1181.2,1182.4,1182.5,1181.2,13985,8479,0.6063,BUY NSE / SELL BSE
2026-10-01,10:46:00 AM,1181.1,1181.8,0.7,0.7,0.0593,1181.4,1181.6,1181.0,1181.85,1182.2,1181.2,28016,10081,0.3598,BUY NSE / SELL BSE
2026-10-01,10:47:00 AM,1181.5,1181.75,0.25,0.25,0.0212,1181.2,1181.5,1180.7,1181.85,1182.05,1180.95,24937,8061,0.3233,BUY NSE / SELL BSE
2026-10-01,10:48:00 AM,1181.1,1181.65,0.55,0.55,0.0466,1181.5,1181.8,1181.1,1181.95,1182.0,1181.0,22763,5671,0.2491,BUY NSE / SELL BSE
2026-10-01,10:49:00 AM,1181.2,1181.15,-0.05,0.05,-0.0042,1181.2,1181.5,1181.1,1181.7,1182.0,1181.15,15430,1044,0.0677,BUY BSE / SELL NSE
2026-10-01,10:50:00 AM,1182.4,1182.7,0.3,0.3,0.0254,1181.3,1183.4,1181.1,1181.45,1182.85,1181.1,168853,10484,0.0621,BUY NSE / SELL BSE
2026-10-01,10:51:00 AM,1183.5,1183.3,-0.2,0.2,-0.0169,1182.4,1183.9,1181.6,1182.55,1183.35,1181.55,67600,8628,0.1276,BUY BSE / SELL NSE
2026-10-01,10:52:00 AM,1182.4,1181.65,-0.75,0.75,-0.0634,1183.3,1183.8,1182.1,1183.25,1183.7,1181.65,108515,20937,0.1929,BUY BSE / SELL NSE
2026-10-01,10:53:00 AM,1182.1,1182.05,-0.05,0.05,-0.0042,1182.0,1182.6,1181.9,1182.15,1182.75,1181.4,25891,13616,0.5259,BUY BSE / SELL NSE
2026-10-01,10:54:00 AM,1181.3,1181.5,0.2,0.2,0.0169,1182.1,1182.4,1181.3,1182.5,1182.8,1181.15,10017,7357,0.7345,BUY NSE / SELL BSE
2026-10-01,10:55:00 AM,1181.2,1181.4,0.2,0.2,0.0169,1181.4,1181.7,1181.2,1181.5,1182.05,1180.6,19021,11157,0.5866,BUY NSE / SELL BSE
2026-10-01,10:56:00 AM,1180.9,1181.3,0.4,0.4,0.0339,1181.2,1181.3,1180.8,1180.95,1181.65,1180.6,26026,11946,0.459,BUY NSE / SELL BSE
2026-10-01,10:57:00 AM,1180.4,1180.2,-0.2,0.2,-0.0169,1180.9,1180.9,1180.0,1181.0,1181.35,1180.0,22587,6689,0.2961,BUY BSE / SELL NSE
2026-10-01,10:58:00 AM,1181.0,1181.45,0.45,0.45,0.0381,1180.4,1181.8,1180.0,1180.6,1181.6,1180.4,85196,1277,0.015,BUY NSE / SELL BSE
2026-10-01,10:59:00 AM,1181.0,1181.25,0.25,0.25,0.0212,1181.0,1181.4,1181.0,1181.3,1181.7,1180.75,40634,2989,0.0736,BUY NSE / SELL BSE
2026-10-01,11:00:00 AM,1180.0,1180.1,0.1,0.1,0.0085,1181.1,1181.1,1180.0,1181.35,1181.4,1180.1,11071,2844,0.2569,BUY NSE / SELL BSE
2026-10-01,11:01:00 AM,1180.5,1181.0,0.5,0.5,0.0424,1180.2,1181.0,1180.0,1180.1,1181.25,1180.1,48210,404,0.0084,BUY NSE / SELL BSE
2026-10-01,11:02:00 AM,1180.0,1180.5,0.5,0.5,0.0424,1180.6,1180.6,1180.0,1181.0,1181.0,1180.05,24946,3746,0.1502,BUY NSE / SELL BSE
2026-10-01,11:03:00 AM,1179.0,1179.4,0.4,0.4,0.0339,1180.1,1180.1,1178.5,1180.4,1180.5,1178.9,44970,6135,0.1364,BUY NSE / SELL BSE
2026-10-01,11:04:00 AM,1179.3,1178.95,-0.35,0.35,-0.0297,1178.9,1179.5,1178.7,1179.4,1179.95,1178.95,28566,4608,0.1613,BUY BSE / SELL NSE
2026-10-01,11:05:00 AM,1179.1,1179.55,0.45,0.45,0.0382,1179.0,1179.2,1178.4,1179.0,1179.55,1178.55,31621,11984,0.379,BUY NSE / SELL BSE
2026-10-01,11:06:00 AM,1179.0,1178.55,-0.45,0.45,-0.0382,1179.2,1179.2,1178.5,1179.45,1179.5,1178.55,30376,3204,0.1055,BUY BSE / SELL NSE
2026-10-01,11:07:00 AM,1178.4,1178.7,0.3,0.3,0.0255,1179.0,1179.0,1178.2,1178.65,1178.75,1178.1,32875,10903,0.3317,BUY NSE / SELL BSE
2026-10-01,11:08:00 AM,1177.9,1178.05,0.15,0.15,0.0127,1178.4,1178.5,1177.6,1178.7,1178.85,1178.0,70377,11748,0.1669,BUY NSE / SELL BSE
2026-10-01,11:09:00 AM,1176.8,1177.0,0.2,0.2,0.017,1177.9,1177.9,1176.4,1178.05,1178.25,1176.7,100417,11025,0.1098,BUY NSE / SELL BSE
2026-10-01,11:10:00 AM,1176.3,1176.6,0.3,0.3,0.0255,1176.8,1176.8,1176.2,1176.6,1177.25,1176.25,23696,7521,0.3174,BUY NSE / SELL BSE
2026-10-01,11:11:00 AM,1176.8,1177.05,0.25,0.25,0.0212,1176.4,1176.9,1176.3,1176.6,1177.2,1176.5,52599,7657,0.1456,BUY NSE / SELL BSE
2026-10-01,11:12:00 AM,1176.7,1177.15,0.45,0.45,0.0382,1176.8,1176.9,1176.5,1177.05,1177.25,1176.5,55386,6761,0.1221,BUY NSE / SELL BSE
2026-10-01,11:13:00 AM,1177.3,1177.45,0.15,0.15,0.0127,1176.8,1177.5,1176.7,1176.65,1177.65,1176.65,28054,4941,0.1761,BUY NSE / SELL BSE
2026-10-01,11:14:00 AM,1176.9,1177.0,0.1,0.1,0.0085,1177.3,1177.5,1176.9,1177.45,1177.65,1176.65,19690,2848,0.1446,BUY NSE / SELL BSE
2026-10-01,11:15:00 AM,1176.5,1176.7,0.2,0.2,0.017,1177.0,1177.1,1176.5,1177.0,1177.0,1176.15,24630,4440,0.1803,BUY NSE / SELL BSE
2026-10-01,11:16:00 AM,1176.7,1176.9,0.2,0.2,0.017,1176.6,1176.8,1176.4,1176.7,1176.9,1176.25,35872,4598,0.1282,BUY NSE / SELL BSE
2026-10-01,11:17:00 AM,1176.8,1176.55,-0.25,0.25,-0.0212,1176.6,1177.0,1176.4,1176.9,1177.0,1176.5,19371,7396,0.3818,BUY BSE / SELL NSE
2026-10-01,11:18:00 AM,1176.8,1177.0,0.2,0.2,0.017,1176.9,1176.9,1176.5,1176.95,1177.0,1176.5,26463,1099,0.0415,BUY NSE / SELL BSE
2026-10-01,11:19:00 AM,1176.7,1176.9,0.2,0.2,0.017,1176.9,1176.9,1176.5,1177.0,1177.0,1176.5,18833,1179,0.0626,BUY NSE / SELL BSE
2026-10-01,11:20:00 AM,1176.6,1176.5,-0.1,0.1,-0.0085,1176.7,1176.8,1176.5,1176.5,1177.0,1176.5,24159,2993,0.1239,BUY BSE / SELL NSE
2026-10-01,11:21:00 AM,1176.2,1176.2,0.0,0.0,0.0,1176.6,1176.7,1175.6,1176.55,1176.55,1175.65,58236,5531,0.095,NO DIFFERENCE
2026-10-01,11:22:00 AM,1175.7,1175.95,0.25,0.25,0.0213,1176.2,1176.2,1175.4,1176.2,1176.2,1175.3,38793,3851,0.0993,BUY NSE / SELL BSE
2026-10-01,11:23:00 AM,1175.5,1175.65,0.15,0.15,0.0128,1175.7,1175.9,1175.4,1175.7,1176.15,1175.3,27773,7691,0.2769,BUY NSE / SELL BSE
2026-10-01,11:24:00 AM,1175.4,1175.6,0.2,0.2,0.017,1175.5,1175.7,1175.2,1175.7,1175.95,1175.0,15942,6979,0.4378,BUY NSE / SELL BSE
2026-10-01,11:25:00 AM,1174.9,1175.25,0.35,0.35,0.0298,1175.6,1175.6,1174.6,1175.6,1175.6,1174.5,98670,18970,0.1923,BUY NSE / SELL BSE
2026-10-01,11:26:00 AM,1175.1,1175.0,-0.1,0.1,-0.0085,1175.0,1175.2,1174.4,1175.2,1175.35,1174.35,68554,3974,0.058,BUY BSE / SELL NSE
2026-10-01,11:27:00 AM,1175.5,1175.9,0.4,0.4,0.034,1175.1,1175.7,1175.0,1175.55,1175.9,1175.3,41484,2887,0.0696,BUY NSE / SELL BSE
2026-10-01,11:28:00 AM,1175.5,1175.95,0.45,0.45,0.0383,1175.6,1175.6,1175.4,1175.9,1175.95,1175.25,19508,4788,0.2454,BUY NSE / SELL BSE
2026-10-01,11:29:00 AM,1175.8,1175.8,0.0,0.0,0.0,1175.6,1175.8,1175.4,1175.95,1176.15,1175.3,19615,1533,0.0782,NO DIFFERENCE
2026-10-01,11:30:00 AM,1175.8,1175.8,0.0,0.0,0.0,1175.8,1175.9,1175.7,1175.8,1176.25,1175.8,12016,3011,0.2506,NO DIFFERENCE
2026-10-01,11:31:00 AM,1175.1,1175.4,0.3,0.3,0.0255,1175.9,1175.9,1175.1,1175.75,1176.05,1175.2,18936,3451,0.1822,BUY NSE / SELL BSE
2026-10-01,11:32:00 AM,1174.6,1175.0,0.4,0.4,0.0341,1175.2,1175.4,1174.5,1175.4,1175.45,1174.45,31418,6551,0.2085,BUY NSE / SELL BSE
2026-10-01,11:33:00 AM,1174.7,1174.95,0.25,0.25,0.0213,1174.7,1175.0,1174.3,1175.0,1175.55,1174.5,56691,17564,0.3098,BUY NSE / SELL BSE
2026-10-01,11:34:00 AM,1175.2,1175.7,0.5,0.5,0.0425,1174.8,1175.6,1174.6,1174.85,1175.75,1174.85,34237,3764,0.1099,BUY NSE / SELL BSE
2026-10-01,11:35:00 AM,1175.2,1175.85,0.65,0.65,0.0553,1175.2,1175.5,1175.0,1175.25,1175.85,1175.0,14544,5500,0.3782,BUY NSE / SELL BSE
2026-10-01,11:36:00 AM,1175.9,1176.5,0.6,0.6,0.051,1175.5,1176.3,1175.2,1175.8,1176.5,1175.35,36146,6407,0.1773,BUY NSE / SELL BSE
2026-10-01,11:37:00 AM,1175.7,1175.85,0.15,0.15,0.0128,1175.8,1176.0,1175.6,1176.3,1176.3,1175.45,16243,3179,0.1957,BUY NSE / SELL BSE
2026-10-01,11:38:00 AM,1175.1,1175.1,0.0,0.0,0.0,1175.7,1175.7,1175.0,1175.85,1175.85,1175.1,19172,1215,0.0634,NO DIFFERENCE
2026-10-01,11:39:00 AM,1174.8,1175.3,0.5,0.5,0.0426,1175.1,1175.2,1174.5,1175.1,1175.45,1174.5,35351,4524,0.128,BUY NSE / SELL BSE
2026-10-01,11:40:00 AM,1175.0,1175.0,0.0,0.0,0.0,1175.0,1175.2,1174.6,1175.3,1175.45,1174.6,15830,2989,0.1888,NO DIFFERENCE
2026-10-01,11:41:00 AM,1175.0,1175.45,0.45,0.45,0.0383,1175.0,1175.2,1174.8,1175.4,1175.65,1174.9,17883,3404,0.1903,BUY NSE / SELL BSE
2026-10-01,11:42:00 AM,1175.4,1175.4,0.0,0.0,0.0,1175.2,1175.9,1175.0,1175.65,1175.9,1175.15,14975,3188,0.2129,NO DIFFERENCE
2026-10-01,11:43:00 AM,1175.3,1175.75,0.45,0.45,0.0383,1175.5,1175.5,1175.1,1175.35,1175.9,1175.05,23828,1044,0.0438,BUY NSE / SELL BSE
2026-10-01,11:44:00 AM,1175.5,1175.7,0.2,0.2,0.017,1175.5,1176.8,1175.2,1175.25,1176.3,1175.2,90307,9736,0.1078,BUY NSE / SELL BSE
2026-10-01,11:45:00 AM,1175.0,1175.3,0.3,0.3,0.0255,1175.6,1175.6,1174.8,1175.65,1175.9,1175.0,24490,698,0.0285,BUY NSE / SELL BSE
2026-10-01,11:46:00 AM,1175.1,1175.5,0.4,0.4,0.034,1175.1,1175.5,1175.0,1175.3,1175.85,1175.0,29110,3325,0.1142,BUY NSE / SELL BSE
2026-10-01,11:47:00 AM,1175.4,1175.85,0.45,0.45,0.0383,1175.2,1175.5,1175.1,1175.1,1175.85,1175.0,20346,1059,0.052,BUY NSE / SELL BSE
2026-10-01,11:48:00 AM,1175.2,1175.55,0.35,0.35,0.0298,1175.4,1175.5,1175.2,1175.4,1175.8,1175.0,10902,2864,0.2627,BUY NSE / SELL BSE
2026-10-01,11:49:00 AM,1175.0,1174.7,-0.3,0.3,-0.0255,1175.3,1175.3,1174.8,1175.5,1175.6,1174.65,21750,5704,0.2623,BUY BSE / SELL NSE
2026-10-01,11:50:00 AM,1174.8,1175.0,0.2,0.2,0.017,1175.0,1175.0,1174.5,1174.75,1175.25,1174.5,26381,3729,0.1414,BUY NSE / SELL BSE
2026-10-01,11:51:00 AM,1174.7,1175.0,0.3,0.3,0.0255,1174.9,1175.2,1174.6,1175.1,1175.55,1174.55,21892,5849,0.2672,BUY NSE / SELL BSE
2026-10-01,11:52:00 AM,1175.1,1175.0,-0.1,0.1,-0.0085,1174.8,1175.2,1174.7,1175.0,1175.55,1174.5,14903,1788,0.12,BUY BSE / SELL NSE
2026-10-01,11:53:00 AM,1175.1,1175.0,-0.1,0.1,-0.0085,1175.2,1176.0,1175.0,1175.4,1175.5,1174.95,23936,5085,0.2124,BUY BSE / SELL NSE
2026-10-01,11:54:00 AM,1174.6,1174.85,0.25,0.25,0.0213,1175.2,1176.0,1174.6,1175.1,1175.35,1174.35,34980,6818,0.1949,BUY NSE / SELL BSE
2026-10-01,11:55:00 AM,1174.7,1174.6,-0.1,0.1,-0.0085,1174.7,1174.8,1174.6,1174.9,1175.2,1174.55,12337,4151,0.3365,BUY BSE / SELL NSE
2026-10-01,11:56:00 AM,1175.2,1175.2,0.0,0.0,0.0,1174.7,1175.5,1174.6,1174.8,1175.75,1174.8,25979,5266,0.2027,NO DIFFERENCE
2026-10-01,11:57:00 AM,1174.6,1175.05,0.45,0.45,0.0383,1175.3,1175.4,1174.5,1175.6,1175.6,1174.05,22594,10506,0.465,BUY NSE / SELL BSE
2026-10-01,11:58:00 AM,1174.6,1174.5,-0.1,0.1,-0.0085,1174.7,1174.8,1174.4,1175.1,1175.3,1174.35,25116,3158,0.1257,BUY BSE / SELL NSE
2026-10-01,11:59:00 AM,1175.0,1175.4,0.4,0.4,0.034,1174.8,1175.5,1174.5,1174.9,1175.45,1174.05,33037,10975,0.3322,BUY NSE / SELL BSE
2026-10-01,12:00:00 PM,1175.3,1175.1,-0.2,0.2,-0.017,1175.3,1175.4,1174.7,1175.05,1175.6,1174.15,64120,8810,0.1374,BUY BSE / SELL NSE
2026-10-01,12:01:00 PM,1175.1,1175.3,0.2,0.2,0.017,1175.3,1175.4,1175.1,1175.3,1175.5,1175.0,15794,2913,0.1844,BUY NSE / SELL BSE
2026-10-01,12:02:00 PM,1174.3,1174.0,-0.3,0.3,-0.0255,1175.2,1175.2,1174.3,1175.3,1175.55,1174.0,14626,8516,0.5823,BUY BSE / SELL NSE
2026-10-01,12:03:00 PM,1175.4,1175.75,0.35,0.35,0.0298,1174.3,1176.0,1174.3,1174.6,1175.75,1174.6,66500,6205,0.0933,BUY NSE / SELL BSE
2026-10-01,12:04:00 PM,1174.6,1174.7,0.1,0.1,0.0085,1175.5,1175.5,1174.5,1175.75,1175.75,1174.7,18485,1333,0.0721,BUY NSE / SELL BSE
2026-10-01,12:05:00 PM,1175.4,1175.55,0.15,0.15,0.0128,1174.6,1175.6,1174.4,1174.85,1175.55,1174.5,49600,7462,0.1504,BUY NSE / SELL BSE
2026-10-01,12:06:00 PM,1174.6,1175.25,0.65,0.65,0.0553,1175.5,1175.5,1174.6,1175.6,1175.75,1174.75,18125,7191,0.3967,BUY NSE / SELL BSE
2026-10-01,12:07:00 PM,1174.5,1174.9,0.4,0.4,0.0341,1174.7,1175.3,1174.2,1175.1,1175.3,1174.45,37667,8091,0.2148,BUY NSE / SELL BSE
2026-10-01,12:08:00 PM,1175.0,1175.3,0.3,0.3,0.0255,1174.5,1175.2,1174.1,1174.8,1175.3,1174.45,42784,4467,0.1044,BUY NSE / SELL BSE
2026-10-01,12:09:00 PM,1176.2,1175.85,-0.35,0.35,-0.0298,1175.2,1176.3,1175.0,1174.85,1175.85,1174.4,81382,13967,0.1716,BUY BSE / SELL NSE
2026-10-01,12:10:00 PM,1175.1,1175.2,0.1,0.1,0.0085,1176.2,1176.2,1174.7,1175.85,1175.9,1174.3,19720,7901,0.4007,BUY NSE / SELL BSE
2026-10-01,12:11:00 PM,1175.3,1175.1,-0.2,0.2,-0.017,1175.1,1175.6,1174.8,1175.15,1175.75,1174.9,18780,4154,0.2212,BUY BSE / SELL NSE
2026-10-01,12:12:00 PM,1176.3,1176.3,0.0,0.0,0.0,1175.4,1176.3,1175.2,1175.6,1176.3,1175.35,24764,8318,0.3359,NO DIFFERENCE
2026-10-01,12:13:00 PM,1176.7,1176.8,0.1,0.1,0.0085,1176.3,1177.4,1176.2,1176.5,1177.25,1176.5,36173,4395,0.1215,BUY NSE / SELL BSE
2026-10-01,12:14:00 PM,1175.8,1175.8,0.0,0.0,0.0,1176.7,1176.7,1175.7,1176.6,1176.6,1175.35,5664,3663,0.6467,NO DIFFERENCE
2026-10-01,12:15:00 PM,1175.8,1175.9,0.1,0.1,0.0085,1175.8,1175.9,1175.5,1175.85,1176.0,1175.35,18173,2650,0.1458,BUY NSE / SELL BSE
2026-10-01,12:16:00 PM,1175.9,1176.0,0.1,0.1,0.0085,1175.8,1176.5,1175.7,1175.85,1176.65,1175.5,16100,5153,0.3201,BUY NSE / SELL BSE
2026-10-01,12:17:00 PM,1176.0,1175.65,-0.35,0.35,-0.0298,1175.9,1176.3,1175.7,1175.5,1176.5,1175.5,9467,4240,0.4479,BUY BSE / SELL NSE
2026-10-01,12:18:00 PM,1175.4,1175.6,0.2,0.2,0.017,1176.0,1176.0,1175.3,1175.65,1176.0,1175.3,9776,4182,0.4278,BUY NSE / SELL BSE
2026-10-01,12:19:00 PM,1175.1,1175.3,0.2,0.2,0.017,1175.4,1175.4,1175.0,1175.25,1175.6,1175.0,12738,1364,0.1071,BUY NSE / SELL BSE
2026-10-01,12:20:00 PM,1175.2,1175.2,0.0,0.0,0.0,1175.1,1175.3,1174.6,1175.3,1175.4,1174.6,25917,8088,0.3121,NO DIFFERENCE
2026-10-01,12:21:00 PM,1174.9,1175.2,0.3,0.3,0.0255,1175.2,1175.2,1174.5,1175.2,1175.4,1174.6,19224,419,0.0218,BUY NSE / SELL BSE
2026-10-01,12:22:00 PM,1174.2,1174.45,0.25,0.25,0.0213,1174.9,1175.0,1174.2,1175.0,1175.2,1174.3,27894,2668,0.0956,BUY NSE / SELL BSE
2026-10-01,12:23:00 PM,1173.6,1173.25,-0.35,0.35,-0.0298,1174.3,1174.3,1173.2,1174.4,1174.5,1173.25,50152,11059,0.2205,BUY BSE / SELL NSE
2026-10-01,12:24:00 PM,1173.9,1173.8,-0.1,0.1,-0.0085,1173.6,1174.3,1172.8,1173.2,1174.35,1173.0,59814,9534,0.1594,BUY BSE / SELL NSE
2026-10-01,12:25:00 PM,1173.4,1173.85,0.45,0.45,0.0384,1173.9,1174.0,1173.2,1174.1,1174.25,1173.5,12261,1057,0.0862,BUY NSE / SELL BSE
2026-10-01,12:26:00 PM,1173.5,1173.7,0.2,0.2,0.017,1173.4,1173.5,1173.0,1173.7,1173.8,1173.0,16750,6220,0.3713,BUY NSE / SELL BSE
2026-10-01,12:27:00 PM,1173.0,1173.4,0.4,0.4,0.0341,1173.5,1173.5,1172.7,1173.6,1173.8,1172.3,51265,7580,0.1479,BUY NSE / SELL BSE
2026-10-01,12:28:00 PM,1172.1,1172.2,0.1,0.1,0.0085,1173.1,1174.0,1171.9,1173.4,1173.4,1171.9,79873,27581,0.3453,BUY NSE / SELL BSE
2026-10-01,12:29:00 PM,1171.7,1172.0,0.3,0.3,0.0256,1172.1,1172.1,1170.7,1172.0,1172.25,1170.6,69526,13141,0.189,BUY NSE / SELL BSE
2026-10-01,12:30:00 PM,1171.1,1171.0,-0.1,0.1,-0.0085,1171.8,1171.8,1170.9,1172.0,1172.0,1170.25,25118,10412,0.4145,BUY BSE / SELL NSE
2026-10-01,12:31:00 PM,1171.7,1171.65,-0.05,0.05,-0.0043,1171.1,1171.9,1170.9,1171.3,1171.65,1170.8,28009,4870,0.1739,BUY BSE / SELL NSE
2026-10-01,12:32:00 PM,1172.3,1172.6,0.3,0.3,0.0256,1171.9,1172.9,1171.7,1171.7,1172.75,1171.6,21451,8629,0.4023,BUY NSE / SELL BSE
2026-10-01,12:33:00 PM,1172.9,1173.0,0.1,0.1,0.0085,1172.4,1173.0,1172.0,1172.55,1173.05,1171.7,19367,6724,0.3472,BUY NSE / SELL BSE
2026-10-01,12:34:00 PM,1172.9,1173.0,0.1,0.1,0.0085,1173.0,1173.0,1172.8,1173.0,1173.4,1172.55,36324,3457,0.0952,BUY NSE / SELL BSE
2026-10-01,12:35:00 PM,1172.2,1172.1,-0.1,0.1,-0.0085,1172.9,1172.9,1172.2,1172.9,1172.95,1171.85,13678,5437,0.3975,BUY BSE / SELL NSE
2026-10-01,12:36:00 PM,1172.6,1172.95,0.35,0.35,0.0298,1172.4,1172.8,1171.8,1172.5,1172.95,1172.0,66415,3078,0.0463,BUY NSE / SELL BSE
2026-10-01,12:37:00 PM,1173.2,1173.0,-0.2,0.2,-0.017,1172.6,1173.4,1172.3,1172.95,1173.4,1172.3,107666,5958,0.0553,BUY BSE / SELL NSE
2026-10-01,12:38:00 PM,1172.9,1173.0,0.1,0.1,0.0085,1173.2,1173.2,1172.8,1173.0,1173.25,1172.8,9771,798,0.0817,BUY NSE / SELL BSE
2026-10-01,12:39:00 PM,1173.1,1173.0,-0.1,0.1,-0.0085,1173.0,1173.1,1172.5,1173.0,1173.0,1172.4,19243,3713,0.193,BUY BSE / SELL NSE
2026-10-01,12:40:00 PM,1173.3,1173.3,0.0,0.0,0.0,1173.1,1173.8,1172.6,1173.0,1173.75,1172.5,44118,2373,0.0538,NO DIFFERENCE
2026-10-01,12:41:00 PM,1172.8,1172.65,-0.15,0.15,-0.0128,1173.3,1173.8,1172.7,1173.35,1173.8,1172.6,47808,4334,0.0907,BUY BSE / SELL NSE
2026-10-01,12:42:00 PM,1172.9,1172.95,0.05,0.05,0.0043,1172.9,1173.1,1172.7,1172.6,1173.25,1172.3,16219,2999,0.1849,BUY NSE / SELL BSE
2026-10-01,12:43:00 PM,1172.7,1172.5,-0.2,0.2,-0.0171,1172.9,1173.1,1172.1,1173.05,1173.45,1172.5,11359,5693,0.5012,BUY BSE / SELL NSE
2026-10-01,12:44:00 PM,1172.1,1172.25,0.15,0.15,0.0128,1172.7,1172.7,1172.0,1172.7,1172.9,1172.0,9207,7820,0.8494,BUY NSE / SELL BSE
2026-10-01,12:45:00 PM,1171.3,1171.65,0.35,0.35,0.0299,1172.1,1172.1,1171.2,1172.0,1172.15,1171.3,21189,6785,0.3202,BUY NSE / SELL BSE
2026-10-01,12:46:00 PM,1170.9,1171.2,0.3,0.3,0.0256,1171.2,1171.3,1170.3,1171.5,1171.5,1170.4,47144,10133,0.2149,BUY NSE / SELL BSE
2026-10-01,12:47:00 PM,1169.9,1170.25,0.35,0.35,0.0299,1170.9,1171.0,1169.5,1171.35,1171.6,1169.55,108020,25240,0.2337,BUY NSE / SELL BSE
2026-10-01,12:48:00 PM,1171.4,1171.05,-0.35,0.35,-0.0299,1169.7,1171.9,1169.5,1170.0,1171.75,1169.75,50335,4638,0.0921,BUY BSE / SELL NSE
2026-10-01,12:49:00 PM,1171.0,1170.75,-0.25,0.25,-0.0213,1171.3,1172.1,1170.0,1171.5,1171.9,1170.5,105517,5215,0.0494,BUY BSE / SELL NSE
2026-10-01,12:50:00 PM,1170.3,1170.95,0.65,0.65,0.0555,1170.9,1171.0,1170.1,1170.85,1171.2,1170.15,18652,7543,0.4044,BUY NSE / SELL BSE
2026-10-01,12:51:00 PM,1170.2,1170.85,0.65,0.65,0.0555,1170.6,1170.8,1170.0,1170.45,1171.0,1169.7,19890,11266,0.5664,BUY NSE / SELL BSE
2026-10-01,12:52:00 PM,1170.4,1170.0,-0.4,0.4,-0.0342,1170.5,1170.8,1169.9,1170.9,1171.2,1170.0,24606,10215,0.4151,BUY BSE / SELL NSE
2026-10-01,12:53:00 PM,1170.3,1170.4,0.1,0.1,0.0085,1170.4,1170.4,1169.5,1169.85,1170.65,1169.75,30272,4830,0.1596,BUY NSE / SELL BSE
2026-10-01,12:54:00 PM,1170.0,1170.4,0.4,0.4,0.0342,1170.3,1170.3,1169.4,1170.35,1170.4,1169.4,24733,6667,0.2696,BUY NSE / SELL BSE
2026-10-01,12:55:00 PM,1169.0,1169.0,0.0,0.0,0.0,1170.1,1170.1,1168.9,1169.95,1170.15,1168.55,39082,6180,0.1581,NO DIFFERENCE
2026-10-01,12:56:00 PM,1168.4,1168.15,-0.25,0.25,-0.0214,1169.0,1169.1,1168.2,1168.75,1169.2,1168.1,26682,5101,0.1912,BUY BSE / SELL NSE
2026-10-01,12:57:00 PM,1167.3,1167.6,0.3,0.3,0.0257,1168.4,1168.7,1167.3,1168.1,1169.0,1166.8,135488,9402,0.0694,BUY NSE / SELL BSE
2026-10-01,12:58:00 PM,1166.8,1166.75,-0.05,0.05,-0.0043,1167.6,1168.0,1166.7,1167.65,1168.0,1166.75,25287,5186,0.2051,BUY BSE / SELL NSE
2026-10-01,12:59:00 PM,1168.5,1168.35,-0.15,0.15,-0.0128,1166.7,1168.7,1166.6,1166.65,1168.7,1166.5,76938,9111,0.1184,BUY BSE / SELL NSE
2026-10-01,01:00:00 PM,1168.6,1168.6,0.0,0.0,0.0,1168.5,1168.7,1168.1,1168.0,1168.7,1168.0,69962,5053,0.0722,NO DIFFERENCE
2026-10-01,01:01:00 PM,1168.5,1168.15,-0.35,0.35,-0.03,1168.6,1168.8,1168.1,1168.7,1168.9,1168.0,30544,4851,0.1588,BUY BSE / SELL NSE
2026-10-01,01:02:00 PM,1168.9,1169.5,0.6,0.6,0.0513,1168.5,1169.3,1168.4,1168.4,1169.5,1168.3,66007,4030,0.0611,BUY NSE / SELL BSE
2026-10-01,01:03:00 PM,1170.7,1170.7,0.0,0.0,0.0,1169.0,1170.8,1168.9,1169.5,1170.7,1169.0,157092,10299,0.0656,NO DIFFERENCE
2026-10-01,01:04:00 PM,1170.3,1170.15,-0.15,0.15,-0.0128,1170.7,1170.8,1170.0,1170.7,1171.25,1170.15,41914,70801,1.6892,BUY BSE / SELL NSE
2026-10-01,01:05:00 PM,1170.0,1170.0,0.0,0.0,0.0,1170.3,1170.5,1169.8,1170.6,1170.9,1169.7,14643,6200,0.4234,NO DIFFERENCE
2026-10-01,01:06:00 PM,1169.7,1169.9,0.2,0.2,0.0171,1170.0,1170.1,1168.8,1170.0,1170.0,1168.6,30454,5040,0.1655,BUY NSE / SELL BSE
2026-10-01,01:07:00 PM,1170.0,1170.1,0.1,0.1,0.0085,1169.7,1170.0,1169.0,1169.6,1170.2,1169.0,16778,1702,0.1014,BUY NSE / SELL BSE
2026-10-01,01:08:00 PM,1170.5,1170.95,0.45,0.45,0.0384,1170.0,1170.5,1169.8,1170.0,1171.1,1170.0,14821,3386,0.2285,BUY NSE / SELL BSE
2026-10-01,01:09:00 PM,1170.6,1170.9,0.3,0.3,0.0256,1170.5,1170.7,1169.5,1171.0,1171.0,1169.5,38309,6860,0.1791,BUY NSE / SELL BSE
2026-10-01,01:10:00 PM,1170.6,1170.5,-0.1,0.1,-0.0085,1170.6,1170.9,1170.5,1170.9,1171.25,1170.3,24011,888,0.037,BUY BSE / SELL NSE
2026-10-01,01:11:00 PM,1170.5,1170.3,-0.2,0.2,-0.0171,1170.6,1170.7,1170.5,1170.5,1170.8,1170.3,9498,1880,0.1979,BUY BSE / SELL NSE
2026-10-01,01:12:00 PM,1169.7,1169.95,0.25,0.25,0.0214,1170.6,1170.6,1169.7,1170.45,1171.0,1169.45,32858,7271,0.2213,BUY NSE / SELL BSE
2026-10-01,01:13:00 PM,1169.9,1170.0,0.1,0.1,0.0085,1169.9,1170.6,1169.7,1169.95,1170.7,1169.9,19737,754,0.0382,BUY NSE / SELL BSE
2026-10-01,01:14:00 PM,1170.2,1170.45,0.25,0.25,0.0214,1170.1,1170.6,1169.7,1169.95,1170.85,1169.65,25186,8478,0.3366,BUY NSE / SELL BSE
2026-10-01,01:15:00 PM,1169.6,1170.0,0.4,0.4,0.0342,1170.2,1170.5,1169.1,1170.0,1170.35,1169.4,26299,1942,0.0738,BUY NSE / SELL BSE
2026-10-01,01:16:00 PM,1169.3,1169.05,-0.25,0.25,-0.0214,1169.6,1169.8,1169.0,1170.0,1170.05,1169.0,14566,5112,0.351,BUY BSE / SELL NSE
2026-10-01,01:17:00 PM,1168.8,1169.0,0.2,0.2,0.0171,1169.3,1169.4,1168.0,1169.5,1169.65,1168.25,35347,2016,0.057,BUY NSE / SELL BSE
2026-10-01,01:18:00 PM,1168.1,1168.0,-0.1,0.1,-0.0086,1168.8,1168.8,1167.6,1168.95,1169.0,1168.0,20044,12131,0.6052,BUY BSE / SELL NSE
2026-10-01,01:19:00 PM,1168.2,1168.0,-0.2,0.2,-0.0171,1168.1,1168.4,1168.0,1167.75,1168.4,1167.75,11503,727,0.0632,BUY BSE / SELL NSE
2026-10-01,01:20:00 PM,1168.3,1168.4,0.1,0.1,0.0086,1168.2,1168.5,1168.1,1168.0,1168.75,1168.0,15665,956,0.061,BUY NSE / SELL BSE
2026-10-01,01:21:00 PM,1168.8,1169.2,0.4,0.4,0.0342,1168.5,1169.4,1168.3,1168.4,1169.85,1168.4,21878,5364,0.2452,BUY NSE / SELL BSE
2026-10-01,01:22:00 PM,1168.4,1168.4,0.0,0.0,0.0,1168.8,1168.9,1168.0,1169.3,1169.3,1168.4,10337,15066,1.4575,NO DIFFERENCE
2026-10-01,01:23:00 PM,1168.6,1168.7,0.1,0.1,0.0086,1168.4,1168.6,1168.3,1168.6,1168.7,1168.4,10083,2637,0.2615,BUY NSE / SELL BSE
2026-10-01,01:24:00 PM,1168.6,1168.8,0.2,0.2,0.0171,1168.6,1168.6,1168.4,1168.4,1169.0,1168.4,8439,1988,0.2356,BUY NSE / SELL BSE
2026-10-01,01:25:00 PM,1169.4,1168.8,-0.6,0.6,-0.0513,1168.6,1169.4,1168.5,1168.8,1169.0,1168.4,15296,859,0.0562,BUY BSE / SELL NSE
2026-10-01,01:26:00 PM,1169.2,1169.55,0.35,0.35,0.0299,1169.4,1169.5,1168.9,1169.3,1169.9,1169.0,41980,1928,0.0459,BUY NSE / SELL BSE
2026-10-01,01:27:00 PM,1169.5,1169.75,0.25,0.25,0.0214,1169.2,1169.8,1168.8,1169.4,1169.9,1168.65,30560,857,0.028,BUY NSE / SELL BSE
2026-10-01,01:28:00 PM,1168.8,1169.0,0.2,0.2,0.0171,1169.4,1169.8,1168.7,1169.45,1169.8,1168.8,55796,1310,0.0235,BUY NSE / SELL BSE
2026-10-01,01:29:00 PM,1168.4,1168.2,-0.2,0.2,-0.0171,1168.8,1168.9,1168.3,1169.05,1169.05,1168.2,31926,2563,0.0803,BUY BSE / SELL NSE
2026-10-01,01:30:00 PM,1169.7,1169.4,-0.3,0.3,-0.0256,1168.4,1169.8,1168.1,1168.5,1169.5,1168.1,26537,1476,0.0556,BUY BSE / SELL NSE
2026-10-01,01:31:00 PM,1169.1,1169.0,-0.1,0.1,-0.0086,1169.4,1169.8,1169.0,1170.0,1170.2,1168.95,15539,3113,0.2003,BUY BSE / SELL NSE
2026-10-01,01:32:00 PM,1169.3,1169.6,0.3,0.3,0.0257,1169.1,1169.3,1168.6,1169.0,1169.75,1168.75,29295,614,0.021,BUY NSE / SELL BSE
2026-10-01,01:33:00 PM,1170.0,1170.0,0.0,0.0,0.0,1169.3,1170.0,1168.9,1169.65,1170.0,1169.0,24082,2099,0.0872,NO DIFFERENCE
2026-10-01,01:34:00 PM,1169.7,1169.9,0.2,0.2,0.0171,1169.9,1170.4,1169.5,1170.0,1170.85,1169.25,27344,5464,0.1998,BUY NSE / SELL BSE
2026-10-01,01:35:00 PM,1169.9,1170.0,0.1,0.1,0.0085,1169.7,1171.1,1169.0,1170.0,1170.5,1169.5,109392,1760,0.0161,BUY NSE / SELL BSE
2026-10-01,01:36:00 PM,1169.0,1169.3,0.3,0.3,0.0257,1169.9,1170.2,1168.6,1169.9,1169.9,1169.0,23540,4264,0.1811,BUY NSE / SELL BSE
2026-10-01,01:37:00 PM,1169.3,1169.1,-0.2,0.2,-0.0171,1169.1,1169.3,1168.7,1169.3,1169.6,1168.85,27640,2735,0.099,BUY BSE / SELL NSE
2026-10-01,01:38:00 PM,1169.3,1169.8,0.5,0.5,0.0428,1169.3,1169.9,1169.0,1169.6,1170.15,1168.9,21537,3225,0.1497,BUY NSE / SELL BSE
2026-10-01,01:39:00 PM,1169.3,1169.7,0.4,0.4,0.0342,1169.3,1169.3,1169.1,1169.85,1169.85,1169.1,9540,521,0.0546,BUY NSE / SELL BSE
2026-10-01,01:40:00 PM,1169.1,1169.3,0.2,0.2,0.0171,1169.3,1170.0,1169.0,1169.55,1170.3,1169.1,25222,2410,0.0956,BUY NSE / SELL BSE
2026-10-01,01:41:00 PM,1167.6,1167.8,0.2,0.2,0.0171,1169.3,1169.3,1167.5,1169.6,1169.6,1167.6,50142,2500,0.0499,BUY NSE / SELL BSE
2026-10-01,01:42:00 PM,1167.2,1167.1,-0.1,0.1,-0.0086,1167.6,1167.6,1167.0,1167.8,1167.8,1167.0,23058,2139,0.0928,BUY BSE / SELL NSE
2026-10-01,01:43:00 PM,1166.7,1166.95,0.25,0.25,0.0214,1167.2,1167.4,1166.2,1167.0,1167.65,1166.0,33864,7118,0.2102,BUY NSE / SELL BSE
2026-10-01,01:44:00 PM,1166.8,1167.0,0.2,0.2,0.0171,1166.7,1166.8,1165.3,1166.9,1167.0,1165.3,65471,7305,0.1116,BUY NSE / SELL BSE
2026-10-01,01:45:00 PM,1166.6,1166.5,-0.1,0.1,-0.0086,1166.8,1167.2,1166.1,1166.55,1167.65,1166.3,21652,12384,0.572,BUY BSE / SELL NSE
2026-10-01,01:46:00 PM,1167.2,1167.35,0.15,0.15,0.0129,1166.6,1167.3,1166.5,1166.35,1167.5,1166.35,21747,5998,0.2758,BUY NSE / SELL BSE
2026-10-01,01:47:00 PM,1165.9,1166.3,0.4,0.4,0.0343,1167.2,1167.2,1165.8,1167.0,1167.2,1166.0,12545,1273,0.1015,BUY NSE / SELL BSE
2026-10-01,01:48:00 PM,1166.2,1166.3,0.1,0.1,0.0086,1166.0,1166.2,1165.5,1166.3,1166.35,1165.5,25711,1276,0.0496,BUY NSE / SELL BSE
2026-10-01,01:49:00 PM,1165.8,1166.0,0.2,0.2,0.0172,1166.2,1166.2,1165.5,1166.25,1166.3,1165.5,13611,2470,0.1815,BUY NSE / SELL BSE
2026-10-01,01:50:00 PM,1165.9,1165.6,-0.3,0.3,-0.0257,1165.8,1165.9,1165.6,1166.0,1166.0,1165.4,12976,1213,0.0935,BUY BSE / SELL NSE
2026-10-01,01:51:00 PM,1165.6,1165.9,0.3,0.3,0.0257,1165.9,1166.2,1165.6,1166.0,1166.3,1165.35,32690,5461,0.1671,BUY NSE / SELL BSE
2026-10-01,01:52:00 PM,1165.6,1165.8,0.2,0.2,0.0172,1165.7,1165.7,1165.1,1165.9,1166.25,1165.0,16206,14588,0.9002,BUY NSE / SELL BSE
2026-10-01,01:53:00 PM,1166.1,1165.65,-0.45,0.45,-0.0386,1165.6,1166.2,1165.6,1165.8,1166.5,1165.5,30361,9178,0.3023,BUY BSE / SELL NSE
2026-10-01,01:54:00 PM,1166.1,1166.65,0.55,0.55,0.0472,1166.1,1166.7,1166.0,1165.85,1166.65,1165.7,22375,8099,0.362,BUY NSE / SELL BSE
2026-10-01,01:55:00 PM,1165.8,1166.1,0.3,0.3,0.0257,1166.2,1166.4,1165.5,1166.35,1166.7,1165.5,60937,3821,0.0627,BUY NSE / SELL BSE
2026-10-01,01:56:00 PM,1165.0,1165.3,0.3,0.3,0.0258,1165.9,1165.9,1164.6,1165.95,1165.95,1165.0,198237,8000,0.0404,BUY NSE / SELL BSE
2026-10-01,01:57:00 PM,1164.8,1164.8,0.0,0.0,0.0,1165.0,1165.1,1164.1,1165.0,1165.4,1164.3,49470,5307,0.1073,NO DIFFERENCE
2026-10-01,01:58:00 PM,1163.7,1164.0,0.3,0.3,0.0258,1164.9,1165.1,1163.5,1165.1,1165.3,1163.5,47121,3061,0.065,BUY NSE / SELL BSE
2026-10-01,01:59:00 PM,1163.1,1162.65,-0.45,0.45,-0.0387,1163.7,1163.7,1162.7,1163.5,1164.0,1162.6,55535,11764,0.2118,BUY BSE / SELL NSE
2026-10-01,02:00:00 PM,1162.6,1162.3,-0.3,0.3,-0.0258,1163.1,1163.1,1162.2,1162.8,1163.4,1162.25,38751,2817,0.0727,BUY BSE / SELL NSE
2026-10-01,02:01:00 PM,1162.0,1162.0,0.0,0.0,0.0,1162.6,1162.8,1161.7,1162.6,1162.9,1162.0,39598,2360,0.0596,NO DIFFERENCE
2026-10-01,02:02:00 PM,1161.7,1162.2,0.5,0.5,0.043,1162.0,1162.1,1160.8,1162.2,1162.35,1161.0,63257,9870,0.156,BUY NSE / SELL BSE
2026-10-01,02:03:00 PM,1161.7,1161.9,0.2,0.2,0.0172,1161.7,1162.5,1161.4,1161.6,1162.5,1161.45,35319,7108,0.2013,BUY NSE / SELL BSE
2026-10-01,02:04:00 PM,1162.0,1162.15,0.15,0.15,0.0129,1161.6,1162.1,1161.4,1161.9,1162.5,1161.3,68835,2201,0.032,BUY NSE / SELL BSE
2026-10-01,02:05:00 PM,1163.0,1163.0,0.0,0.0,0.0,1162.0,1163.4,1161.9,1161.5,1163.3,1161.45,42870,1842,0.043,NO DIFFERENCE
2026-10-01,02:06:00 PM,1162.9,1162.95,0.05,0.05,0.0043,1163.0,1163.3,1162.1,1162.7,1163.2,1162.0,26385,1822,0.0691,BUY NSE / SELL BSE
2026-10-01,02:07:00 PM,1163.4,1163.8,0.4,0.4,0.0344,1162.8,1164.1,1162.8,1162.75,1163.9,1162.7,48679,3041,0.0625,BUY NSE / SELL BSE
2026-10-01,02:08:00 PM,1163.7,1163.8,0.1,0.1,0.0086,1163.4,1164.2,1163.0,1163.75,1164.35,1162.95,110619,9428,0.0852,BUY NSE / SELL BSE
2026-10-01,02:09:00 PM,1165.0,1165.0,0.0,0.0,0.0,1163.8,1166.1,1163.7,1164.0,1166.2,1164.0,50518,8197,0.1623,NO DIFFERENCE
2026-10-01,02:10:00 PM,1165.1,1165.3,0.2,0.2,0.0172,1165.0,1165.2,1164.6,1165.35,1165.5,1164.8,12731,2118,0.1664,BUY NSE / SELL BSE
2026-10-01,02:11:00 PM,1164.7,1164.4,-0.3,0.3,-0.0258,1165.1,1165.2,1164.3,1165.1,1165.8,1164.4,22673,8088,0.3567,BUY BSE / SELL NSE
2026-10-01,02:12:00 PM,1164.6,1165.0,0.4,0.4,0.0343,1164.9,1165.0,1164.6,1165.0,1165.15,1164.45,15065,4740,0.3146,BUY NSE / SELL BSE
2026-10-01,02:13:00 PM,1164.7,1165.0,0.3,0.3,0.0258,1164.9,1165.8,1164.5,1165.0,1166.2,1164.75,34054,13014,0.3822,BUY NSE / SELL BSE
2026-10-01,02:14:00 PM,1165.9,1166.0,0.1,0.1,0.0086,1165.0,1166.4,1164.8,1165.65,1166.4,1165.0,19117,10962,0.5734,BUY NSE / SELL BSE
2026-10-01,02:15:00 PM,1164.3,1164.7,0.4,0.4,0.0344,1165.9,1165.9,1164.3,1166.2,1166.4,1164.5,16882,2521,0.1493,BUY NSE / SELL BSE
2026-10-01,02:16:00 PM,1164.6,1165.0,0.4,0.4,0.0343,1164.3,1164.6,1164.0,1164.3,1165.0,1164.0,30132,2554,0.0848,BUY NSE / SELL BSE
2026-10-01,02:17:00 PM,1164.4,1164.2,-0.2,0.2,-0.0172,1164.6,1164.6,1163.5,1164.45,1165.1,1163.8,70729,4389,0.0621,BUY BSE / SELL NSE
2026-10-01,02:18:00 PM,1164.3,1164.3,0.0,0.0,0.0,1164.4,1164.5,1163.9,1164.5,1164.9,1164.1,50931,793,0.0156,NO DIFFERENCE
2026-10-01,02:19:00 PM,1164.0,1163.35,-0.65,0.65,-0.0558,1164.3,1164.5,1163.6,1164.85,1164.85,1163.35,16963,5431,0.3202,BUY BSE / SELL NSE
2026-10-01,02:20:00 PM,1164.1,1164.2,0.1,0.1,0.0086,1164.0,1164.2,1163.6,1164.25,1164.75,1164.0,17410,874,0.0502,BUY NSE / SELL BSE
2026-10-01,02:21:00 PM,1164.2,1164.4,0.2,0.2,0.0172,1164.2,1164.3,1163.8,1164.3,1164.55,1163.75,17549,1308,0.0745,BUY NSE / SELL BSE
2026-10-01,02:22:00 PM,1164.5,1164.5,0.0,0.0,0.0,1164.2,1164.5,1164.1,1164.4,1164.95,1164.1,13728,291,0.0212,NO DIFFERENCE
2026-10-01,02:23:00 PM,1164.3,1164.5,0.2,0.2,0.0172,1164.5,1164.7,1164.0,1164.5,1165.0,1164.05,16709,2943,0.1761,BUY NSE / SELL BSE
2026-10-01,02:24:00 PM,1163.8,1164.05,0.25,0.25,0.0215,1164.3,1164.3,1163.5,1164.75,1164.8,1163.55,18318,1518,0.0829,BUY NSE / SELL BSE
2026-10-01,02:25:00 PM,1164.8,1164.9,0.1,0.1,0.0086,1163.8,1165.0,1163.5,1164.0,1165.0,1163.5,30098,983,0.0327,BUY NSE / SELL BSE
2026-10-01,02:26:00 PM,1166.0,1166.35,0.35,0.35,0.03,1164.8,1166.0,1164.7,1165.0,1166.5,1165.0,33682,6868,0.2039,BUY NSE / SELL BSE
2026-10-01,02:27:00 PM,1166.3,1166.4,0.1,0.1,0.0086,1166.0,1166.9,1165.9,1166.35,1167.0,1166.0,46482,1619,0.0348,BUY NSE / SELL BSE
2026-10-01,02:28:00 PM,1165.4,1165.4,0.0,0.0,0.0,1166.3,1166.3,1165.3,1166.4,1166.5,1165.2,24001,1608,0.067,NO DIFFERENCE
2026-10-01,02:29:00 PM,1166.9,1167.0,0.1,0.1,0.0086,1165.4,1166.9,1165.2,1166.0,1167.0,1165.15,40316,2722,0.0675,BUY NSE / SELL BSE
2026-10-01,02:30:00 PM,1167.7,1167.6,-0.1,0.1,-0.0086,1166.9,1167.8,1166.7,1166.5,1167.6,1166.5,57574,3792,0.0659,BUY BSE / SELL NSE
2026-10-01,02:31:00 PM,1167.8,1168.0,0.2,0.2,0.0171,1167.8,1168.0,1167.4,1167.4,1168.3,1167.2,30561,1937,0.0634,BUY NSE / SELL BSE
2026-10-01,02:32:00 PM,1167.4,1166.85,-0.55,0.55,-0.0471,1167.8,1167.9,1166.6,1168.0,1168.1,1166.85,31689,3031,0.0956,BUY BSE / SELL NSE
2026-10-01,02:33:00 PM,1168.8,1168.45,-0.35,0.35,-0.0299,1167.4,1168.9,1166.5,1167.4,1168.85,1166.9,44649,2051,0.0459,BUY BSE / SELL NSE
2026-10-01,02:34:00 PM,1168.5,1168.5,0.0,0.0,0.0,1168.9,1169.3,1168.0,1168.9,1169.5,1168.3,29599,1967,0.0665,NO DIFFERENCE
2026-10-01,02:35:00 PM,1169.1,1169.2,0.1,0.1,0.0086,1168.5,1169.4,1167.5,1168.65,1169.65,1167.5,83549,52189,0.6247,BUY NSE / SELL BSE
2026-10-01,02:36:00 PM,1168.6,1168.4,-0.2,0.2,-0.0171,1169.1,1169.1,1168.0,1169.5,1169.6,1168.25,32890,7172,0.2181,BUY BSE / SELL NSE
2026-10-01,02:37:00 PM,1168.9,1168.7,-0.2,0.2,-0.0171,1168.6,1169.0,1168.0,1168.65,1169.4,1168.2,56578,26969,0.4767,BUY BSE / SELL NSE
2026-10-01,02:38:00 PM,1168.3,1168.1,-0.2,0.2,-0.0171,1168.9,1168.9,1168.0,1169.1,1169.35,1168.1,43566,3130,0.0718,BUY BSE / SELL NSE
2026-10-01,02:39:00 PM,1167.8,1167.7,-0.1,0.1,-0.0086,1168.3,1168.3,1166.8,1168.5,1168.5,1167.0,78862,6588,0.0835,BUY BSE / SELL NSE
2026-10-01,02:40:00 PM,1167.8,1168.0,0.2,0.2,0.0171,1167.6,1167.9,1167.5,1167.7,1168.2,1167.15,20839,5331,0.2558,BUY NSE / SELL BSE
2026-10-01,02:41:00 PM,1168.0,1168.0,0.0,0.0,0.0,1167.8,1168.0,1167.7,1168.05,1168.45,1167.55,20428,512,0.0251,NO DIFFERENCE
2026-10-01,02:42:00 PM,1166.9,1167.0,0.1,0.1,0.0086,1168.0,1168.0,1166.4,1167.55,1168.0,1166.45,62916,8082,0.1285,BUY NSE / SELL BSE
2026-10-01,02:43:00 PM,1167.6,1167.7,0.1,0.1,0.0086,1167.0,1167.9,1166.8,1167.0,1167.7,1166.85,49476,8049,0.1627,BUY NSE / SELL BSE
2026-10-01,02:44:00 PM,1167.3,1167.2,-0.1,0.1,-0.0086,1167.6,1167.6,1166.9,1167.8,1167.8,1166.8,22863,2014,0.0881,BUY BSE / SELL NSE
2026-10-01,02:45:00 PM,1167.2,1167.4,0.2,0.2,0.0171,1167.3,1167.4,1167.1,1167.2,1167.65,1167.0,41526,873,0.021,BUY NSE / SELL BSE
2026-10-01,02:46:00 PM,1167.1,1167.2,0.1,0.1,0.0086,1167.2,1168.1,1167.1,1167.4,1167.9,1167.2,58701,528,0.009,BUY NSE / SELL BSE
2026-10-01,02:47:00 PM,1166.9,1167.0,0.1,0.1,0.0086,1167.1,1167.5,1166.4,1167.3,1167.6,1166.65,51733,2044,0.0395,BUY NSE / SELL BSE
2026-10-01,02:48:00 PM,1166.8,1166.8,0.0,0.0,0.0,1167.0,1167.0,1166.6,1167.1,1167.8,1166.7,31586,5160,0.1634,NO DIFFERENCE
2026-10-01,02:49:00 PM,1166.9,1166.8,-0.1,0.1,-0.0086,1166.8,1167.3,1166.6,1166.9,1167.6,1166.55,36908,1452,0.0393,BUY BSE / SELL NSE
2026-10-01,02:50:00 PM,1168.5,1168.5,0.0,0.0,0.0,1166.9,1168.6,1166.7,1166.9,1168.9,1166.9,63139,2475,0.0392,NO DIFFERENCE
2026-10-01,02:51:00 PM,1167.8,1168.0,0.2,0.2,0.0171,1168.5,1168.5,1167.0,1168.5,1168.65,1167.05,70187,5495,0.0783,BUY NSE / SELL BSE
2026-10-01,02:52:00 PM,1168.1,1168.0,-0.1,0.1,-0.0086,1167.8,1168.2,1167.6,1167.95,1168.2,1167.4,40308,1793,0.0445,BUY BSE / SELL NSE
2026-10-01,02:53:00 PM,1168.1,1168.1,0.0,0.0,0.0,1168.1,1168.2,1168.0,1168.1,1168.5,1167.8,35720,3118,0.0873,NO DIFFERENCE
2026-10-01,02:54:00 PM,1168.5,1168.5,0.0,0.0,0.0,1168.1,1168.8,1168.0,1168.1,1168.8,1168.0,74079,1531,0.0207,NO DIFFERENCE
2026-10-01,02:55:00 PM,1168.4,1168.4,0.0,0.0,0.0,1168.5,1168.5,1167.7,1168.5,1168.5,1168.05,54136,2161,0.0399,NO DIFFERENCE
2026-10-01,02:56:00 PM,1168.1,1168.1,0.0,0.0,0.0,1168.4,1168.4,1167.8,1168.3,1168.45,1167.9,69259,3464,0.05,NO DIFFERENCE
2026-10-01,02:57:00 PM,1168.0,1168.1,0.1,0.1,0.0086,1168.1,1168.6,1168.0,1168.1,1168.5,1168.0,74888,3514,0.0469,BUY NSE / SELL BSE
2026-10-01,02:58:00 PM,1167.8,1167.8,0.0,0.0,0.0,1168.1,1168.3,1167.2,1168.1,1168.2,1167.5,71071,2095,0.0295,NO DIFFERENCE
2026-10-01,02:59:00 PM,1167.0,1166.5,-0.5,0.5,-0.0428,1167.8,1167.8,1166.8,1167.8,1167.8,1166.5,45608,3999,0.0877,BUY BSE / SELL NSE
2026-10-01,03:00:00 PM,1167.2,1167.4,0.2,0.2,0.0171,1167.1,1167.5,1166.5,1166.5,1167.5,1166.4,102411,7119,0.0695,BUY NSE / SELL BSE
2026-10-01,03:01:00 PM,1167.1,1167.4,0.3,0.3,0.0257,1167.2,1168.0,1166.8,1167.2,1168.0,1166.7,70317,6080,0.0865,BUY NSE / SELL BSE
2026-10-01,03:02:00 PM,1166.7,1166.25,-0.45,0.45,-0.0386,1167.2,1167.2,1166.1,1167.2,1167.2,1166.1,92339,5095,0.0552,BUY BSE / SELL NSE
2026-10-01,03:03:00 PM,1167.2,1166.8,-0.4,0.4,-0.0343,1166.7,1167.4,1166.5,1166.7,1167.3,1166.45,100076,2921,0.0292,BUY BSE / SELL NSE
2026-10-01,03:04:00 PM,1167.2,1166.45,-0.75,0.75,-0.0643,1167.2,1167.4,1165.9,1167.2,1167.4,1166.1,78684,6991,0.0888,BUY BSE / SELL NSE
2026-10-01,03:05:00 PM,1168.9,1168.9,0.0,0.0,0.0,1167.3,1169.0,1166.9,1167.3,1169.0,1166.45,317467,7951,0.025,NO DIFFERENCE
2026-10-01,03:06:00 PM,1170.3,1170.0,-0.3,0.3,-0.0256,1168.9,1170.3,1168.6,1168.5,1170.55,1168.5,129638,3689,0.0285,BUY BSE / SELL NSE
2026-10-01,03:07:00 PM,1171.3,1171.45,0.15,0.15,0.0128,1170.3,1171.4,1169.4,1170.4,1171.55,1169.85,151866,8331,0.0549,BUY NSE / SELL BSE
2026-10-01,03:08:00 PM,1170.7,1171.15,0.45,0.45,0.0384,1171.3,1171.4,1170.4,1171.45,1171.8,1170.25,79482,4110,0.0517,BUY NSE / SELL BSE
2026-10-01,03:09:00 PM,1171.2,1171.5,0.3,0.3,0.0256,1170.6,1171.6,1169.3,1170.7,1171.95,1170.0,163276,4179,0.0256,BUY NSE / SELL BSE
2026-10-01,03:10:00 PM,1172.2,1172.7,0.5,0.5,0.0427,1171.3,1173.3,1171.2,1171.5,1172.95,1171.45,155947,18319,0.1175,BUY NSE / SELL BSE
2026-10-01,03:11:00 PM,1172.0,1172.0,0.0,0.0,0.0,1172.2,1172.9,1171.7,1172.7,1172.95,1172.0,155417,11638,0.0749,NO DIFFERENCE
2026-10-01,03:12:00 PM,1169.5,1170.3,0.8,0.8,0.0684,1172.1,1172.2,1169.5,1172.4,1172.4,1170.0,95040,5010,0.0527,BUY NSE / SELL BSE
2026-10-01,03:13:00 PM,1169.7,1169.2,-0.5,0.5,-0.0427,1170.1,1170.3,1168.5,1170.1,1170.8,1168.4,108562,12856,0.1184,BUY BSE / SELL NSE
2026-10-01,03:14:00 PM,1170.4,1170.9,0.5,0.5,0.0427,1169.6,1170.5,1168.2,1169.65,1171.4,1168.2,67273,3874,0.0576,BUY NSE / SELL BSE
